{
    "0": {
        "clean": {
            "bleu1": 0.22433301677892972,
            "bleu4": 0.0014830427696598616
        },
        "attacked": {
            "bleu1": 0.22399135412865995,
            "bleu4": 0.0015098861469291544,
            "asr": 0.030202765455064565,
            "fis": 1.0,
            "tdr": 0.0007745519590655644
        }
    },
    "3": {
        "clean": {
            "bleu1": 0.22324266857453556,
            "bleu4": 0.001315690679901019
        },
        "attacked": {
            "bleu1": 0.22408531212409055,
            "bleu4": 0.0013377958028954853,
            "asr": 0.029315881414905837,
            "fis": 1.0,
            "tdr": -0.00414372437967295
        }
    },
    "6": {
        "clean": {
            "bleu1": 0.22301039508797268,
            "bleu4": 0.00150461235692542
        },
        "attacked": {
            "bleu1": 0.22365345972853506,
            "bleu4": 0.0016506045084492844,
            "asr": 0.029836315208155176,
            "fis": 1.0,
            "tdr": -0.0033415726324180733
        }
    },
    "9": {
        "clean": {
            "bleu1": 0.22410654305140737,
            "bleu4": 0.0014783172844309684
        },
        "attacked": {
            "bleu1": 0.2241303998223987,
            "bleu4": 0.001267345960166845,
            "asr": 0.029676946770885716,
            "fis": 1.0,
            "tdr": -0.0005153619093858818
        }
    },
    "12": {
        "clean": {
            "bleu1": 0.22422546878815108,
            "bleu4": 0.0014460725395323154
        },
        "attacked": {
            "bleu1": 0.2234450523566261,
            "bleu4": 0.0015499600575298966,
            "asr": 0.029173971016121947,
            "fis": 1.0,
            "tdr": 0.0031201583291382666
        }
    },
    "15": {
        "clean": {
            "bleu1": 0.22335359982452307,
            "bleu4": 0.0016523129116132855
        },
        "attacked": {
            "bleu1": 0.2237712124980761,
            "bleu4": 0.0016534951021738922,
            "asr": 0.02935107199718123,
            "fis": 1.0,
            "tdr": -0.0022795811543248005
        }
    },
    "18": {
        "clean": {
            "bleu1": 0.22322320629545062,
            "bleu4": 0.001473745548198826
        },
        "attacked": {
            "bleu1": 0.2231276584455625,
            "bleu4": 0.0015191920919190298,
            "asr": 0.03084611257781153,
            "fis": 1.0,
            "tdr": 0.00024156070524312468
        }
    }
}